{
  "total_requests": 11,
  "successful_requests": 9,
  "failed_requests": 2,
  "average_response_time": 0.01850534439086914,
  "last_request_timestamp": "2025-08-05T17:54:09.793360"
}