{
  "total_requests": 1,
  "successful_requests": 1,
  "failed_requests": 0,
  "average_response_time": 0.00850534439086914,
  "last_request_timestamp": "2025-08-05T17:54:09.793360"
}